date,courier_partners_online,temperature,relative_humidity,precipitation
2021-05-01,49,18.27,0.57,0.0
2021-05-02,927,19.88,0.55,0.0
2021-05-03,40,16.88,0.6,0.0
2021-05-04,51,21.88,0.53,0.0
2021-05-05,50,21.11,0.54,0.0
2021-05-06,47,19.04,0.56,0.0
2021-05-07,49,25.61,0.5,0.0
2021-05-08,48,20.04,0.55,0.0
2021-05-09,42,13.49,0.67,2.88
2021-05-10,48,17.59,0.58,0.0
2021-05-11,48,19.66,0.73,5.02
2021-05-12,49,15.21,0.63,1.44
2021-05-13,46,19.47,0.56,0.0
2021-05-14,47,21.01,0.54,0.0
2021-05-15,46,13.99,0.66,0.79
2021-05-16,42,15.96,0.61,0.38
2021-05-17,47,14.97,0.63,0.4
2021-05-18,49,19.92,0.55,0.0
2021-05-19,52,17.9,0.58,0.0
2021-05-20,55,18.52,0.57,0.0
2021-05-21,43,18.44,0.66,1.78
2021-05-22,46,17.9,0.58,0.0
2021-05-23,50,18.42,0.57,0.0
2021-05-24,45,19.26,0.56,0.0
2021-05-25,48,20.99,0.54,0.0
2021-05-26,54,21.86,0.53,0.0
2021-05-27,46,20.85,0.54,0.0
2021-05-28,46,15.29,0.63,1.35
2021-05-29,42,14.7,0.64,1.24
2021-05-30,48,17.16,0.72,0.52
2021-05-31,51,17.14,0.59,0.0
2021-06-01,51,14.91,0.64,0.4
2021-06-02,48,9.49,0.83,0.68
2021-06-03,50,,0.67,2.86
2021-06-04,34,6.57,0.99,5.78
2021-06-05,38,14.38,0.65,8.55
2021-06-06,41,11.79,0.72,6.85
2021-06-07,47,12.2,0.71,0.87
2021-06-08,53,13.92,0.81,1.77
2021-06-09,52,16.17,0.71,3.06
2021-06-10,47,10.73,0.77,4.69
2021-06-11,44,10.46,0.78,1.06
2021-06-12,45,,0.65,2.48
2021-06-13,46,16.14,0.61,0.37
2021-06-14,45,9.61,0.85,0.73
2021-06-15,51,13.59,0.77,5.3
2021-06-16,58,16.91,0.6,0.0
2021-06-17,51,12.62,0.7,4.22
2021-06-18,49,16.56,0.6,0.43
2021-06-19,43,,0.78,0.89
2021-06-20,49,11.11,0.84,0.7
2021-06-21,55,16.98,0.59,0.0
2021-06-22,56,11.26,0.86,0.74
2021-06-23,58,14.11,0.65,0.43
2021-06-24,48,12.87,0.69,2.22
2021-06-25,46,13.17,0.68,1.39
2021-06-26,48,18.75,0.57,0.0
2021-06-27,54,12.72,0.69,2.13
2021-06-28,50,11.37,0.85,0.72
2021-06-29,52,10.97,0.86,0.74
2021-06-30,56,10.28,0.79,2.14
2021-07-01,45,10.32,0.87,0.75
2021-07-02,47,19.12,0.56,0.0
2021-07-03,36,11.28,0.74,12.45
2021-07-04,52,17.27,0.59,0.0
2021-07-05,48,14.34,0.65,0.83
2021-07-06,52,16.04,0.61,8.44
2021-07-07,58,,0.63,0.4
2021-07-08,56,10.89,0.87,0.77
2021-07-09,49,13.98,0.66,0.43
2021-07-10,49,17.88,0.58,0.0
2021-07-11,55,23.26,0.74,0.54
2021-07-12,50,13.66,0.67,0.44
2021-07-13,61,17.84,0.58,0.0
2021-07-14,54,,0.67,0.45
2021-07-15,56,20.69,0.54,0.0
2021-07-16,46,18.15,0.67,0.45
2021-07-17,48,13.17,0.68,3.44
2021-07-18,53,12.77,0.84,3.23
2021-07-19,55,17.47,0.59,0.0
2021-07-20,61,14.68,0.64,0.72
2021-07-21,58,12.69,0.69,2.15
2021-07-22,62,17.07,0.59,0.0
2021-07-23,51,16.1,0.61,0.37
2021-07-24,53,19.35,0.56,0.0
2021-07-25,56,16.05,0.61,0.37
2021-07-26,56,13.43,0.67,0.45
2021-07-27,65,15.68,0.62,0.38
2021-07-28,63,,0.64,0.4
2021-07-29,46,15.16,0.63,7.62
2021-07-30,52,14.83,0.64,0.41
2021-07-31,55,14.4,0.65,0.42
2021-08-01,63,25.5,0.68,0.46
2021-08-02,58,26.4,0.65,1.45
2021-08-03,68,24.84,0.5,0.0
2021-08-04,62,28.23,0.48,0.0
2021-08-05,58,22.5,0.52,0.0
2021-08-06,57,23.74,0.51,0.0
2021-08-07,53,20.88,0.54,0.0
2021-08-08,63,26.14,0.49,0.0
2021-08-09,60,26.5,0.49,0.0
2021-08-10,70,25.14,0.5,0.0
2021-08-11,64,21.4,0.53,0.0
2021-08-12,62,26.05,0.49,0.0
2021-08-13,59,28.27,0.48,0.0
2021-08-14,54,24.51,0.5,0.0
2021-08-15,64,22.77,0.52,0.0
2021-08-16,51,22.24,0.61,9.25
2021-08-17,67,28.79,0.47,0.0
2021-08-18,65,26.18,0.49,0.0
2021-08-19,67,21.59,0.53,0.0
2021-08-20,61,24.24,0.51,0.0
2021-08-21,56,24.86,0.5,0.0
2021-08-22,66,27.28,0.48,0.0
2021-08-23,64,24.82,0.5,0.0
2021-08-24,60,17.03,0.59,0.0
2021-08-25,67,21.09,0.63,0.39
2021-08-26,58,25.02,0.6,4.48
2021-08-27,57,25.32,0.5,0.0
2021-08-28,52,21.35,0.53,0.0
2021-08-29,63,23.49,0.51,0.0
2021-08-30,57,21.75,0.53,0.0
2021-08-31,68,28.22,0.48,0.0
2021-09-01,70,34.17,0.45,0.0
2021-09-02,64,30.02,0.47,0.0
2021-09-03,64,31.86,0.46,0.0
2021-09-04,57,32.8,0.45,0.0
2021-09-05,57,26.23,0.57,0.0
2021-09-06,62,33.64,0.45,0.0
2021-09-07,71,33.14,0.45,0.0
2021-09-08,76,36.55,0.44,0.0
2021-09-09,71,35.3,0.44,0.0
2021-09-10,60,30.64,0.65,0.42
2021-09-11,59,33.9,0.45,0.0
2021-09-12,66,33.68,0.45,0.0
2021-09-13,67,32.31,0.45,0.0
2021-09-14,70,29.0,0.47,0.0
2021-09-15,68,29.06,0.62,1.14
2021-09-16,1367,30.68,0.46,0.0
2021-09-17,58,27.96,0.48,0.0
2021-09-18,57,30.05,0.47,0.0
2021-09-19,61,35.08,0.58,0.0
2021-09-20,64,30.62,0.46,0.0
2021-09-21,78,33.32,0.45,0.0
2021-09-22,68,31.6,0.46,0.0
2021-09-23,66,29.56,0.47,0.0
2021-09-24,59,33.97,0.45,0.0
2021-09-25,59,31.49,0.46,0.0
2021-09-26,64,32.95,0.68,1.56
2021-09-27,66,32.7,0.56,0.0
2021-09-28,73,31.77,0.46,0.0
2021-09-29,75,32.85,0.55,0.0
2021-09-30,64,31.54,0.46,0.0
2021-10-01,61,27.65,0.48,0.0
2021-10-02,60,,0.48,0.0
2021-10-03,69,31.04,0.46,0.0
2021-10-04,75,37.26,0.52,0.0
2021-10-05,73,31.73,0.54,0.0
2021-10-06,72,32.31,0.45,0.0
2021-10-07,60,28.73,0.47,0.0
2021-10-08,61,26.72,0.6,0.36
2021-10-09,58,30.25,0.47,0.0
2021-10-10,68,33.35,0.45,0.0
2021-10-11,71,31.12,0.46,0.0
2021-10-12,64,31.52,0.46,
2021-10-13,69,30.97,0.55,
2021-10-14,71,34.22,0.45,0.0
2021-10-15,60,27.97,0.48,0.0
2021-10-16,63,30.46,0.46,0.0
2021-10-17,73,,0.46,0.0
2021-10-18,67,29.03,0.68,0.46
2021-10-19,66,24.47,0.5,0.0
2021-10-20,71,27.41,0.48,0.0
2021-10-21,69,33.19,0.45,0.0
2021-10-22,67,28.42,0.61,0.37
2021-10-23,60,26.52,0.49,0.0
2021-10-24,61,26.02,0.49,0.0
2021-10-25,67,36.88,0.44,0.0
2021-10-26,72,33.53,0.45,0.0
2021-10-27,67,32.32,0.45,0.0
2021-10-28,72,35.9,0.52,0.0
2021-10-29,60,28.9,0.47,0.0
2021-10-30,61,27.63,0.48,0.0
2021-10-31,64,31.37,0.46,0.0
2021-11-01,61,20.67,0.54,0.0
2021-11-02,67,17.64,0.76,0.58
2021-11-03,67,23.59,0.51,0.0
2021-11-04,59,19.6,0.55,0.0
2021-11-05,56,17.6,0.58,0.0
2021-11-06,58,,0.61,3.21
2021-11-07,59,18.63,0.57,0.0
2021-11-08,65,15.9,0.77,0.6
2021-11-09,65,,0.51,0.0
2021-11-10,58,16.58,0.6,4.36
2021-11-11,63,18.29,0.57,0.0
2021-11-12,60,21.8,0.53,0.0
2021-11-13,58,20.17,0.55,0.0
2021-11-14,65,20.06,0.55,0.0
2021-11-15,66,19.17,0.56,0.0
2021-11-16,65,17.13,0.59,0.0
2021-11-17,80,25.28,0.5,0.0
2021-11-18,59,19.65,0.55,0.0
2021-11-19,52,20.89,0.54,0.0
2021-11-20,61,17.97,0.58,0.0
2021-11-21,61,19.53,0.7,0.49
2021-11-22,56,17.66,0.58,0.0
2021-11-23,52,13.11,0.68,10.92
2021-11-24,68,19.82,0.55,0.0
2021-11-25,63,20.11,0.55,0.0
2021-11-26,59,17.25,0.59,0.0
2021-11-27,50,14.43,0.65,6.76
2021-11-28,57,15.25,0.63,
2021-11-29,65,21.83,0.53,0.0
2021-11-30,65,18.22,0.57,0.0
2021-12-01,60,9.76,0.81,0.66
2021-12-02,47,-3.0,0.98,1.16
2021-12-03,61,4.89,0.91,0.82
2021-12-04,54,5.96,1.0,4.01
2021-12-05,50,3.68,0.99,0.99
2021-12-06,50,4.11,0.93,3.33
2021-12-07,63,7.66,0.89,0.79
2021-12-08,60,3.64,0.9,0.81
2021-12-09,53,6.59,0.99,0.97
2021-12-10,59,9.34,0.83,0.79
2021-12-11,60,5.75,0.97,0.95
2021-12-12,58,10.31,0.88,0.78
2021-12-13,55,9.27,0.84,2.98
2021-12-14,54,,0.97,6.06
2021-12-15,56,6.79,0.91,0.83
2021-12-16,50,1.71,0.92,4.72
2021-12-17,51,11.14,0.75,0.56
2021-12-18,53,6.99,0.94,0.88
2021-12-19,52,4.87,0.99,0.97
2021-12-20,55,4.24,0.98,0.96
2021-12-21,54,6.5,0.91,3.12
2021-12-22,62,10.74,0.77,2.94
2021-12-23,57,4.43,0.95,4.29
2021-12-24,54,6.29,0.98,1.05
2021-12-25,58,11.32,0.85,0.72
2021-12-26,59,9.07,0.85,0.72
2021-12-27,58,8.22,0.84,0.7
2021-12-28,55,5.2,0.93,4.64
2021-12-29,67,8.51,0.89,0.83
2021-12-30,62,10.14,0.79,0.83
2021-12-31,54,4.24,0.91,0.84
2022-01-01,43,-5.95,0.91,0.83
2022-01-02,50,-4.19,0.97,1.09
2022-01-03,53,-2.52,0.99,2.93
2022-01-04,51,-4.79,0.94,3.95
2022-01-05,61,1.87,0.96,0.92
2022-01-06,53,-1.12,0.93,3.41
2022-01-07,48,-4.43,0.97,1.05
2022-01-08,50,-4.48,0.97,0.95
2022-01-09,55,1.6,0.93,0.86
2022-01-10,54,-2.55,0.96,1.85
2022-01-11,57,-1.55,0.93,4.49
2022-01-12,55,-6.39,0.98,1.34
2022-01-13,54,-4.47,0.98,0.95
2022-01-14,48,0.0,0.93,2.66
2022-01-15,54,-3.61,0.91,0.82
2022-01-16,59,0.94,0.94,0.89
2022-01-17,53,-3.19,0.95,0.91
2022-01-18,58,-2.47,0.96,0.93
2022-01-19,59,-5.69,0.9,0.82
2022-01-20,55,-1.33,0.92,3.14
2022-01-21,45,-4.73,0.98,1.55
2022-01-22,44,-5.35,0.94,1.32
2022-01-23,56,1.51,0.94,1.56
2022-01-24,59,-0.8,0.92,0.85
2022-01-25,1176,-2.61,0.92,0.84
2022-01-26,60,-4.4,0.92,0.84
2022-01-27,50,-5.12,0.96,0.92
2022-01-28,55,-4.28,0.95,0.91
2022-01-29,46,-0.48,0.98,5.96
2022-01-30,46,-8.72,0.87,3.74
2022-01-31,59,1.55,0.96,1.77
2022-02-01,60,4.93,0.97,0.93
2022-02-02,69,,0.78,3.07
2022-02-03,59,7.47,0.98,0.95
2022-02-04,54,11.4,0.74,0.55
2022-02-05,52,7.71,0.92,2.53
2022-02-06,57,2.41,0.91,2.86
2022-02-07,54,7.39,0.98,2.3
2022-02-08,60,4.42,0.98,6.35
2022-02-09,63,8.39,0.9,0.8
2022-02-10,50,5.27,0.93,10.49
2022-02-11,57,13.07,0.68,0.47
2022-02-12,56,9.01,0.85,3.87
2022-02-13,56,6.0,0.94,2.75
2022-02-14,61,8.11,0.88,0.77
2022-02-15,62,8.62,0.88,0.77
2022-02-16,65,5.22,0.99,1.55
2022-02-17,60,7.11,0.9,0.84
2022-02-18,56,,0.83,1.08
2022-02-19,61,13.98,0.66,2.01
2022-02-20,64,8.9,0.86,1.98
2022-02-21,57,5.34,0.94,1.77
2022-02-22,63,4.98,0.95,1.86
2022-02-23,66,9.78,0.89,1.89
2022-02-24,60,,0.85,0.72
2022-02-25,44,5.61,0.98,9.63
2022-02-26,51,8.19,0.82,3.61
2022-02-27,62,5.77,0.94,2.01
2022-02-28,64,11.73,0.73,0.53
2022-03-01,68,15.91,0.61,0.38
2022-03-02,69,21.09,0.54,0.0
2022-03-03,69,16.02,0.61,0.37
2022-03-04,62,18.21,0.57,0.0
2022-03-05,65,24.02,0.51,0.0
2022-03-06,63,18.61,0.57,0.0
2022-03-07,67,19.21,0.56,0.0
2022-03-08,73,19.21,0.56,0.0
2022-03-09,63,14.39,0.65,3.47
2022-03-10,67,22.04,0.61,0.37
2022-03-11,64,26.11,0.49,0.0
2022-03-12,64,20.15,0.55,0.0
2022-03-13,65,22.06,0.53,0.0
2022-03-14,69,22.35,0.52,0.0
2022-03-15,72,21.09,0.54,0.0
2022-03-16,68,19.4,0.56,0.0
2022-03-17,67,20.45,0.54,0.0
2022-03-18,65,20.68,0.54,0.0
2022-03-19,65,17.87,0.71,0.51
2022-03-20,68,16.91,0.6,0.0
2022-03-21,63,20.16,0.55,0.0
2022-03-22,71,24.18,0.51,0.0
2022-03-23,1506,,0.55,0.0
2022-03-24,64,21.44,0.53,0.0
2022-03-25,56,17.63,0.71,0.76
2022-03-26,65,14.55,0.64,0.41
2022-03-27,70,24.63,0.59,0.0
2022-03-28,70,23.28,0.51,0.0
2022-03-29,79,23.46,0.51,0.0
2022-03-30,73,23.21,0.52,0.0
2022-03-31,66,18.21,0.57,0.0
2022-04-01,68,24.57,0.5,0.0
2022-04-02,62,23.36,0.51,0.0
2022-04-03,68,23.23,0.74,1.95
2022-04-04,66,22.72,0.52,0.0
2022-04-05,67,20.17,0.55,0.0
2022-04-06,72,22.62,0.52,0.0
2022-04-07,74,28.99,0.47,0.0
2022-04-08,63,21.43,0.53,0.0
2022-04-09,66,19.03,0.56,0.0
2022-04-10,74,28.61,0.47,0.0
2022-04-11,68,26.25,0.49,0.0
2022-04-12,76,25.29,0.5,0.0
2022-04-13,69,24.3,0.7,0.49
2022-04-14,63,25.62,0.5,0.0
2022-04-15,61,26.53,0.49,0.0
2022-04-16,63,21.85,0.53,0.0
2022-04-17,69,24.02,0.51,0.0
2022-04-18,67,19.87,0.66,0.44
2022-04-19,72,27.23,0.48,0.0
2022-04-20,75,23.24,0.52,0.0
2022-04-21,71,24.62,0.5,0.0
2022-04-22,70,23.31,0.51,0.0
2022-04-23,63,27.39,0.61,0.37
2022-04-24,68,21.54,0.53,0.0
2022-04-25,70,23.74,0.51,0.0
2022-04-26,76,26.2,0.49,0.0
2022-04-27,76,24.48,0.5,0.0
2022-04-28,71,24.08,0.6,1.25
2022-04-29,62,22.79,0.52,0.0
2022-04-30,65,20.91,0.54,0.0
2022-05-01,69,18.77,0.57,0.0
2022-05-02,66,17.54,0.58,0.0
2022-05-03,73,23.38,0.51,0.0
2022-05-04,71,16.64,0.6,0.36
2022-05-05,69,21.81,0.53,0.0
2022-05-06,64,19.47,0.65,0.42
2022-05-07,63,19.85,0.55,0.0
2022-05-08,68,17.26,0.59,0.0
2022-05-09,68,,0.67,0.45
2022-05-10,73,18.21,0.57,0.0
2022-05-11,69,15.86,0.62,2.73
2022-05-12,69,20.85,0.54,0.0
2022-05-13,63,21.99,0.53,0.0
2022-05-14,64,19.74,0.55,0.0
2022-05-15,70,21.41,0.53,0.0
2022-05-16,62,15.72,0.62,0.38
2022-05-17,71,15.81,0.62,0.38
2022-05-18,74,21.92,0.53,0.0
2022-05-19,76,23.48,0.51,0.0
2022-05-20,65,18.02,0.58,0.0
2022-05-21,66,26.24,0.49,0.0
2022-05-22,68,15.88,0.61,0.38
2022-05-23,69,23.35,0.51,0.0
2022-05-24,72,21.23,0.54,0.0
2022-05-25,73,13.62,0.75,0.57
2022-05-26,63,16.18,0.69,1.91
2022-05-27,63,22.16,0.53,0.0
2022-05-28,67,18.51,0.57,0.0
2022-05-29,73,,0.57,0.0
2022-05-30,70,,0.59,0.0
2022-05-31,70,16.22,0.61,0.43
2022-06-01,61,6.17,0.99,6.2
2022-06-02,66,11.69,0.73,0.53
2022-06-03,63,14.08,0.65,1.7
2022-06-04,59,11.17,0.75,1.99
2022-06-05,60,,0.65,2.11
2022-06-06,67,10.83,0.87,0.75
2022-06-07,71,12.4,0.7,0.49
2022-06-08,69,13.04,0.81,0.83
2022-06-09,67,12.2,0.71,0.5
2022-06-10,56,11.31,0.74,1.07
2022-06-11,63,8.77,0.87,0.76
2022-06-12,59,10.29,0.79,3.84
2022-06-13,65,17.21,0.59,0.0
2022-06-14,73,16.05,0.61,0.44
2022-06-15,69,14.84,0.64,0.54
2022-06-16,60,9.72,0.81,4.66
2022-06-17,63,8.72,0.87,0.76
2022-06-18,62,,0.6,0.37
2022-06-19,65,16.92,0.6,0.0
2022-06-20,70,14.22,0.65,0.71
2022-06-21,64,8.43,0.89,0.8
2022-06-22,71,11.32,0.74,1.53
2022-06-23,59,16.33,0.61,5.06
2022-06-24,63,13.79,0.81,0.65
2022-06-25,68,17.33,0.59,0.0
2022-06-26,64,12.07,0.71,1.13
2022-06-27,70,18.09,0.58,0.0
2022-06-28,67,8.48,0.89,3.15
2022-06-29,67,9.69,0.82,0.82
2022-06-30,68,20.3,0.55,0.0
2022-07-01,54,16.3,0.61,0.37
2022-07-02,67,17.21,0.59,0.0
2022-07-03,71,13.99,0.66,1.09
2022-07-04,70,20.02,0.68,0.46
2022-07-05,72,12.43,0.88,0.77
2022-07-06,69,12.45,0.7,0.51
2022-07-07,68,12.94,0.77,0.6
2022-07-08,63,15.91,0.61,1.36
2022-07-09,61,17.24,0.59,0.0
2022-07-10,73,18.5,0.57,0.0
2022-07-11,69,13.85,0.66,0.44
2022-07-12,77,17.28,0.78,0.61
2022-07-13,70,15.71,0.62,2.3
2022-07-14,63,11.88,0.72,0.52
2022-07-15,68,19.13,0.56,0.0
2022-07-16,66,18.73,0.57,0.0
2022-07-17,70,20.0,0.55,0.0
2022-07-18,64,16.63,0.6,2.88
2022-07-19,67,14.93,0.8,3.05
2022-07-20,67,14.55,0.64,0.61
2022-07-21,62,10.4,0.78,2.08
2022-07-22,57,5.76,0.94,2.7
2022-07-23,59,20.81,0.54,0.0
2022-07-24,60,10.61,0.77,6.14
2022-07-25,73,19.14,0.69,1.72
2022-07-26,67,10.48,0.9,5.26
2022-07-27,67,11.76,0.72,2.99
2022-07-28,71,17.51,0.59,0.0
2022-07-29,63,15.18,0.71,0.51
2022-07-30,57,15.68,0.62,1.1
2022-07-31,72,13.99,0.66,0.43
2022-08-01,73,20.1,0.55,0.0
2022-08-02,80,24.2,0.51,0.0
2022-08-03,77,19.26,0.56,0.0
2022-08-04,71,28.29,0.48,0.0
2022-08-05,66,24.46,0.5,0.0
2022-08-06,73,22.66,0.52,0.0
2022-08-07,77,26.31,0.49,0.0
2022-08-08,72,25.93,0.49,0.0
2022-08-09,82,29.0,0.47,0.0
2022-08-10,84,26.62,0.49,0.0
2022-08-11,69,26.02,0.49,0.0
2022-08-12,64,23.92,0.51,0.0
2022-08-13,67,23.81,0.51,0.0
2022-08-14,72,22.27,0.52,0.0
2022-08-15,77,27.05,0.48,0.0
2022-08-16,76,24.4,0.5,0.0
2022-08-17,75,22.04,0.53,0.0
2022-08-18,79,25.72,0.49,0.0
2022-08-19,62,23.39,0.51,0.0
2022-08-20,70,27.01,0.49,0.0
2022-08-21,70,22.22,0.52,0.0
2022-08-22,74,20.39,0.55,0.0
2022-08-23,72,21.76,0.53,0.0
2022-08-24,79,24.5,0.6,0.36
2022-08-25,68,25.6,0.5,0.0
2022-08-26,69,28.27,0.48,0.0
2022-08-27,72,32.31,0.45,0.0
2022-08-28,72,26.74,0.66,1.7
2022-08-29,75,18.57,0.57,0.0
2022-08-30,74,24.37,0.51,0.0
2022-08-31,79,26.47,0.49,0.0
2022-09-01,74,26.41,0.49,0.0
2022-09-02,67,26.59,0.67,0.45
2022-09-03,76,32.36,0.45,0.0
2022-09-04,71,22.84,0.52,0.0
2022-09-05,81,34.11,0.45,0.0
2022-09-06,79,30.57,0.46,0.0
2022-09-07,79,33.07,0.45,0.0
2022-09-08,76,26.37,0.49,0.0
2022-09-09,71,35.84,0.44,0.0
2022-09-10,71,35.0,0.62,0.38
2022-09-11,71,32.63,0.45,0.0
2022-09-12,74,28.64,0.47,0.0
2022-09-13,83,28.86,0.47,0.0
2022-09-14,80,32.45,0.45,0.0
2022-09-15,80,33.82,0.45,0.0
2022-09-16,72,32.01,0.46,0.0
2022-09-17,69,29.89,0.47,0.0
2022-09-18,77,35.34,0.44,0.0
2022-09-19,81,35.48,0.44,0.0
2022-09-20,83,30.09,0.47,0.0
2022-09-21,81,32.61,0.45,0.0
2022-09-22,83,33.65,0.45,0.0
2022-09-23,73,27.57,0.48,0.0
2022-09-24,77,34.82,0.44,0.0
2022-09-25,82,33.84,0.45,0.0
2022-09-26,81,31.48,0.46,0.0
2022-09-27,80,30.97,0.46,0.0
2022-09-28,82,33.45,0.45,0.0
2022-09-29,70,32.95,0.45,0.0
2022-09-30,72,34.82,0.44,0.0
2022-10-01,69,32.1,0.46,0.0
2022-10-02,75,30.4,0.46,0.0
2022-10-03,82,35.48,0.44,0.0
2022-10-04,86,33.48,0.45,0.0
2022-10-05,80,29.97,0.47,0.0
2022-10-06,80,35.98,0.44,0.0
2022-10-07,74,34.56,0.44,0.0
2022-10-08,67,30.64,0.56,0.0
2022-10-09,76,31.38,0.46,0.0
2022-10-10,77,29.76,0.47,0.0
2022-10-11,76,25.82,0.49,0.0
2022-10-12,81,27.6,0.57,0.0
2022-10-13,72,23.89,0.51,0.0
2022-10-14,68,31.89,0.46,0.0
2022-10-15,72,35.93,0.52,0.0
2022-10-16,79,30.84,0.46,0.0
2022-10-17,82,37.95,0.43,0.0
2022-10-18,83,,0.57,0.0
2022-10-19,82,30.15,0.47,0.0
2022-10-20,74,28.02,0.48,0.0
2022-10-21,71,28.78,0.47,0.0
2022-10-22,76,32.39,0.54,0.0
2022-10-23,71,27.81,0.48,0.0
2022-10-24,71,28.58,0.47,0.0
2022-10-25,84,30.68,0.46,0.0
2022-10-26,78,29.56,0.47,0.0
2022-10-27,75,29.61,0.47,0.0
2022-10-28,69,24.42,0.5,0.0
2022-10-29,77,29.44,0.47,0.0
2022-10-30,70,,0.48,0.0
2022-10-31,74,31.75,0.46,0.0
2022-11-01,83,30.99,0.46,0.0
2022-11-02,77,20.54,0.54,0.0
2022-11-03,70,18.39,0.57,0.0
2022-11-04,67,18.81,0.78,0.62
2022-11-05,69,23.08,0.52,0.0
2022-11-06,66,10.12,0.79,0.63
2022-11-07,77,20.4,0.54,0.0
2022-11-08,79,18.36,0.57,
2022-11-09,75,23.06,0.52,0.0
2022-11-10,69,19.56,0.65,2.22
2022-11-11,69,19.56,0.56,0.0
2022-11-12,68,16.7,0.6,0.0
2022-11-13,75,20.6,0.54,0.0
2022-11-14,77,20.04,0.55,0.0
2022-11-15,71,14.18,0.65,1.01
2022-11-16,75,20.21,0.55,0.0
2022-11-17,75,23.08,0.52,0.0
2022-11-18,66,17.01,0.59,0.0
2022-11-19,65,14.89,0.64,0.5
2022-11-20,66,18.18,0.57,0.0
2022-11-21,72,19.16,0.56,0.0
2022-11-22,74,15.81,0.62,0.38
2022-11-23,74,16.57,0.6,0.65
2022-11-24,69,20.45,0.54,0.0
2022-11-25,70,15.27,0.63,0.39
2022-11-26,68,19.69,0.7,0.49
2022-11-27,73,20.38,0.55,0.0
2022-11-28,75,20.68,0.54,0.0
2022-11-29,73,19.21,0.56,0.0
2022-11-30,73,15.96,0.61,0.45
2022-12-01,70,2.57,0.96,0.98
2022-12-02,61,9.27,0.84,0.7
2022-12-03,58,8.06,0.87,2.68
2022-12-04,63,6.69,0.95,1.63
2022-12-05,69,6.61,0.96,0.91
2022-12-06,65,0.79,0.92,2.77
2022-12-07,67,5.06,0.98,2.51
2022-12-08,66,10.86,0.76,0.58
2022-12-09,65,9.33,0.84,0.7
2022-12-10,69,3.31,0.97,0.94
2022-12-11,72,8.72,0.87,0.76
2022-12-12,69,6.92,0.93,0.86
2022-12-13,71,3.07,0.93,0.86
2022-12-14,76,3.64,0.96,0.93
2022-12-15,65,12.91,0.69,1.36
2022-12-16,58,7.35,0.91,0.82
2022-12-17,63,8.77,0.87,2.53
2022-12-18,64,3.91,0.98,0.96
2022-12-19,62,6.64,0.92,3.94
2022-12-20,65,6.24,0.95,1.54
2022-12-21,73,7.9,0.9,0.81
2022-12-22,66,6.79,0.9,0.82
2022-12-23,64,9.25,0.9,0.81
2022-12-24,57,3.59,0.92,4.51
2022-12-25,65,,0.91,1.72
2022-12-26,61,9.41,0.83,0.69
2022-12-27,73,7.87,0.9,0.81
2022-12-28,73,7.71,0.87,3.04
2022-12-29,72,14.39,0.78,0.61
2022-12-30,58,4.63,0.98,6.84
2022-12-31,63,7.19,0.91,0.83
2023-01-01,55,-3.8,0.96,1.53
2023-01-02,58,-1.52,0.99,0.99
2023-01-03,63,,0.93,0.86
2023-01-04,66,-4.76,0.97,0.95
2023-01-05,60,-1.36,0.95,0.9
2023-01-06,51,-6.77,0.97,8.77
2023-01-07,57,-0.75,0.96,1.18
2023-01-08,65,-0.58,0.99,0.98
2023-01-09,61,-5.66,0.91,1.33
2023-01-10,65,-9.98,0.8,0.97
2023-01-11,64,0.45,1.0,3.23
2023-01-12,55,-2.99,0.93,4.09
2023-01-13,57,-3.14,1.0,1.0
2023-01-14,51,-3.76,1.0,1.0
2023-01-15,53,-7.07,0.94,8.52
2023-01-16,61,-4.57,0.96,0.92
2023-01-17,62,0.6,0.99,5.71
2023-01-18,59,-0.15,0.96,9.44
2023-01-19,57,-0.15,0.98,0.96
2023-01-20,47,-1.39,0.99,12.9
2023-01-21,53,-5.53,0.95,0.9
2023-01-22,61,0.64,0.96,3.09
2023-01-23,56,-3.6,0.93,0.86
2023-01-24,61,-6.46,0.99,1.11
2023-01-25,66,-0.0,0.98,0.95
2023-01-26,1175,-1.88,0.92,0.85
2023-01-27,52,-6.36,0.94,2.76
2023-01-28,52,2.46,0.9,6.86
2023-01-29,62,-1.24,0.93,5.08
2023-01-30,57,-8.02,0.84,0.84
2023-01-31,52,-1.65,0.9,8.94
2023-02-01,68,7.25,0.93,1.25
2023-02-02,68,8.91,0.86,0.74
2023-02-03,64,10.75,0.76,0.58
2023-02-04,65,5.59,0.92,3.49
2023-02-05,64,13.24,0.68,0.46
2023-02-06,65,6.12,0.99,0.98
2023-02-07,67,5.52,0.91,0.83
2023-02-08,65,2.52,0.99,3.26
2023-02-09,65,7.02,0.91,2.67
2023-02-10,62,14.5,0.75,1.42
2023-02-11,59,4.83,0.96,4.21
2023-02-12,63,5.49,0.92,0.84
2023-02-13,69,8.37,0.96,2.85
2023-02-14,74,12.16,0.71,0.91
2023-02-15,66,9.52,0.82,5.57
2023-02-16,65,9.32,0.84,0.7
2023-02-17,65,8.51,0.89,4.1
2023-02-18,62,8.4,0.89,2.33
2023-02-19,70,9.09,0.85,0.72
2023-02-20,68,8.91,0.86,0.74
2023-02-21,65,5.3,0.99,2.05
2023-02-22,77,8.26,0.82,0.67
2023-02-23,66,11.55,0.73,2.6
2023-02-24,57,,0.97,2.37
2023-02-25,60,8.79,0.87,5.22
2023-02-26,64,5.0,0.94,0.88
2023-02-27,66,10.68,0.77,0.81
2023-02-28,75,10.54,0.86,0.73
2023-03-01,79,18.17,0.58,0.0
2023-03-02,80,,0.53,0.0
2023-03-03,69,19.99,0.55,0.0
2023-03-04,69,15.9,0.61,0.72
2023-03-05,79,29.82,0.57,0.0
2023-03-06,72,,0.56,0.0
2023-03-07,84,27.97,0.48,0.0
2023-03-08,77,19.63,0.55,0.0
2023-03-09,72,19.08,0.56,0.0
2023-03-10,68,21.71,0.53,0.0
2023-03-11,69,21.85,0.53,0.0
2023-03-12,81,23.28,0.51,0.0
2023-03-13,74,20.19,0.55,0.0
2023-03-14,82,16.76,0.6,0.0
2023-03-15,80,17.31,0.59,0.0
2023-03-16,72,19.86,0.55,0.0
2023-03-17,68,23.25,0.51,0.0
2023-03-18,71,17.77,0.58,0.0
2023-03-19,74,18.71,0.57,0.0
2023-03-20,73,19.54,0.56,0.0
2023-03-21,72,15.19,0.63,0.4
2023-03-22,76,,0.52,0.0
2023-03-23,70,23.05,0.52,0.0
2023-03-24,69,16.67,0.7,1.41
2023-03-25,68,21.67,0.53,0.0
2023-03-26,76,,0.54,0.0
2023-03-27,72,19.49,0.64,0.77
2023-03-28,72,16.35,0.61,1.12
2023-03-29,78,19.04,0.56,0.0
2023-03-30,78,21.09,0.54,0.0
2023-03-31,70,21.1,0.54,0.0
2023-04-01,77,27.59,0.68,1.11
2023-04-02,72,21.99,0.62,4.59
2023-04-03,83,23.01,0.52,0.0
2023-04-04,84,23.48,0.51,0.0
2023-04-05,83,23.5,0.51,0.0
2023-04-06,73,21.57,0.53,0.0
2023-04-07,71,25.41,0.5,0.0
2023-04-08,72,25.77,0.49,0.0
2023-04-09,79,24.98,0.5,
2023-04-10,79,23.48,0.51,0.0
2023-04-11,80,19.58,0.56,0.0
2023-04-12,83,26.21,0.49,0.0
2023-04-13,71,24.62,0.5,0.0
2023-04-14,73,26.0,0.49,0.0
2023-04-15,66,22.72,0.61,1.67
2023-04-16,80,22.23,0.6,0.54
2023-04-17,76,25.28,0.62,0.38
2023-04-18,82,20.64,0.69,0.48
2023-04-19,83,23.19,0.52,0.0
2023-04-20,78,23.9,0.51,0.0
2023-04-21,67,22.13,0.65,0.42
2023-04-22,63,22.28,0.61,6.88
2023-04-23,79,24.56,0.63,0.4
2023-04-24,79,22.93,0.52,0.0
2023-04-25,73,16.9,0.73,0.53
2023-04-26,86,28.06,0.48,0.0
2023-04-27,76,28.15,0.48,0.0
2023-04-28,74,20.1,0.55,0.0
2023-04-29,73,22.5,0.52,0.0
2023-04-30,77,24.74,0.5,0.0
2023-05-01,79,21.84,0.53,0.0
2023-05-02,80,21.04,0.54,0.0
2023-05-03,73,17.37,0.59,0.0
2023-05-04,72,16.87,0.6,0.0
2023-05-05,66,18.8,0.57,0.0
2023-05-06,70,19.43,0.56,0.0
2023-05-07,75,17.28,0.59,0.0
2023-05-08,68,12.55,0.7,0.62
2023-05-09,75,14.14,0.65,0.43
2023-05-10,81,20.28,0.55,0.0
2023-05-11,70,15.2,0.63,0.85
2023-05-12,70,15.96,0.61,0.71
2023-05-13,70,20.33,0.55,0.0
2023-05-14,73,16.22,0.61,2.86
2023-05-15,75,19.64,0.55,0.0
2023-05-16,76,19.99,0.55,0.0
2023-05-17,79,20.38,0.55,0.0
2023-05-18,70,13.57,0.79,0.62
2023-05-19,72,24.4,0.5,0.0
2023-05-20,74,17.79,0.58,0.0
2023-05-21,71,17.66,0.58,0.0
2023-05-22,72,18.07,0.58,0.0
2023-05-23,78,21.86,0.53,0.0
2023-05-24,77,19.25,0.56,0.0
2023-05-25,77,23.19,0.52,0.0
2023-05-26,68,19.85,0.55,0.0
2023-05-27,70,19.22,0.56,0.0
2023-05-28,76,27.26,0.64,0.41
2023-05-29,73,,0.62,0.8
2023-05-30,81,18.35,0.57,0.0
2023-05-31,76,15.56,0.62,1.16
